https://museumplanning.com/wp-content/uploads/,https://museumplanning.com/content/uploads/
https://museumplanning.com/2022-plans,https://museumplanning.com/museum-planning-projects.html
https://museumplanning.com/2022-plans/,https://museumplanning.com/museum-planning-projects.html
https://museumplanning.com/a-future-vision-for-childrens-museums,https://museumplanning.com/museum-planning-about.html
https://museumplanning.com/a-future-vision-for-childrens-museums/,https://museumplanning.com/museum-planning-about.html
https://museumplanning.com/about,https://museumplanning.com/museum-planning-about.html
https://museumplanning.com/about/,https://museumplanning.com/museum-planning-about.html
https://museumplanning.com/about-us,https://museumplanning.com/museum-planning-about.html
https://museumplanning.com/about-us/,https://museumplanning.com/museum-planning-about.html
https://museumplanning.com/approach,https://museumplanning.com/museum-planning-services.html
https://museumplanning.com/approach/,https://museumplanning.com/museum-planning-services.html
https://museumplanning.com/articles,https://museumplanning.com/museum-planning-about.html
https://museumplanning.com/articles/,https://museumplanning.com/museum-planning-about.html
https://museumplanning.com/articles-3,https://museumplanning.com/museum-planning-about.html
https://museumplanning.com/articles-3/,https://museumplanning.com/museum-planning-about.html
https://museumplanning.com/by-michael-vega,https://museumplanning.com/museum-planning-about.html
https://museumplanning.com/by-michael-vega/,https://museumplanning.com/museum-planning-about.html
https://museumplanning.com/contact,https://museumplanning.com/museum-planning-contact.html
https://museumplanning.com/contact/,https://museumplanning.com/museum-planning-contact.html
https://museumplanning.com/contact-museum-planning,https://museumplanning.com/museum-planning-contact.html
https://museumplanning.com/contact-museum-planning/,https://museumplanning.com/museum-planning-contact.html
https://museumplanning.com/convergence-era,https://museumplanning.com/convergence-era.html
https://museumplanning.com/convergence-era/,https://museumplanning.com/convergence-era.html
https://museumplanning.com/designing-museum-experiences-dme-process,https://museumplanning.com/museum-planning-services.html
https://museumplanning.com/designing-museum-experiences-dme-process/,https://museumplanning.com/museum-planning-services.html
https://museumplanning.com/digital-2,https://museumplanning.com
https://museumplanning.com/digital-2/,https://museumplanning.com
https://museumplanning.com/for-cities,https://museumplanning.com/for-cities.html
https://museumplanning.com/for-cities/,https://museumplanning.com/for-cities.html
https://museumplanning.com/for-cities-science-center,https://museumplanning.com/for-cities-science-center.html
https://museumplanning.com/for-cities-science-center/,https://museumplanning.com/for-cities-science-center.html
https://museumplanning.com/for-universities,https://museumplanning.com/for-universities.html
https://museumplanning.com/for-universities/,https://museumplanning.com/for-universities.html
https://museumplanning.com/home-2,https://museumplanning.com
https://museumplanning.com/home-2/,https://museumplanning.com
https://museumplanning.com/immersive-interactive-museum-transformation,https://museumplanning.com/immersive-museum-planning.html
https://museumplanning.com/immersive-interactive-museum-transformation/,https://museumplanning.com/immersive-museum-planning.html
https://museumplanning.com/interactive-history-museum-design-company,https://museumplanning.com/museum-planning-services.html
https://museumplanning.com/interactive-history-museum-design-company/,https://museumplanning.com/museum-planning-services.html
https://museumplanning.com/interactive-museum-exhibition-design,https://museumplanning.com/museum-planning-services.html
https://museumplanning.com/interactive-museum-exhibition-design/,https://museumplanning.com/museum-planning-services.html
https://museumplanning.com/mark-walhimer-resume,https://museumplanning.com/museum-planning-about.html
https://museumplanning.com/mark-walhimer-resume/,https://museumplanning.com/museum-planning-about.html
https://museumplanning.com/museum-assessment,https://museumplanning.com/museum-planning-services.html
https://museumplanning.com/museum-assessment/,https://museumplanning.com/museum-planning-services.html
https://museumplanning.com/museum-consultants,https://museumplanning.com/museum-planning-services.html
https://museumplanning.com/museum-consultants/,https://museumplanning.com/museum-planning-services.html
https://museumplanning.com/museum-consulting-and-cultural-planning-museum-planning-llc,https://museumplanning.com/museum-planning-services.html
https://museumplanning.com/museum-consulting-and-cultural-planning-museum-planning-llc/,https://museumplanning.com/museum-planning-services.html
https://museumplanning.com/museum-customer-service-training,https://museumplanning.com/museum-planning-services.html
https://museumplanning.com/museum-customer-service-training/,https://museumplanning.com/museum-planning-services.html
https://museumplanning.com/museum-exhibition-evaluation,https://museumplanning.com/museum-planning-services.html
https://museumplanning.com/museum-exhibition-evaluation/,https://museumplanning.com/museum-planning-services.html
https://museumplanning.com/museum-exterior-signage,https://museumplanning.com/museum-planning-services.html
https://museumplanning.com/museum-exterior-signage/,https://museumplanning.com/museum-planning-services.html
https://museumplanning.com/museum-feasibility-studies,https://museumplanning.com/museum-feasibility-study.html
https://museumplanning.com/museum-feasibility-studies/,https://museumplanning.com/museum-feasibility-study.html
https://museumplanning.com/museum-feasibility-study,https://museumplanning.com/museum-feasibility-study.html
https://museumplanning.com/museum-feasibility-study/,https://museumplanning.com/museum-feasibility-study.html
https://museumplanning.com/museum-master-planning,https://museumplanning.com/museum-master-planning.html
https://museumplanning.com/museum-master-planning/,https://museumplanning.com/museum-master-planning.html
https://museumplanning.com/museum-owners-representative,https://museumplanning.com/museum-planning-services.html
https://museumplanning.com/museum-owners-representative/,https://museumplanning.com/museum-planning-services.html
https://museumplanning.com/museum-planning-about,https://museumplanning.com/museum-planning-about.html
https://museumplanning.com/museum-planning-about/,https://museumplanning.com/museum-planning-about.html
https://museumplanning.com/museum-planning-contact,https://museumplanning.com/museum-planning-contact.html
https://museumplanning.com/museum-planning-contact/,https://museumplanning.com/museum-planning-contact.html
https://museumplanning.com/museum-planning-llc,https://museumplanning.com
https://museumplanning.com/museum-planning-llc/,https://museumplanning.com
https://museumplanning.com/museum-planning-llc-process,https://museumplanning.com/museum-planning-services.html
https://museumplanning.com/museum-planning-llc-process/,https://museumplanning.com/museum-planning-services.html
https://museumplanning.com/museum-planning-privacy,https://museumplanning.com/museum-planning-privacy.html
https://museumplanning.com/museum-planning-privacy/,https://museumplanning.com/museum-planning-privacy.html
https://museumplanning.com/museum-planning-projects,https://museumplanning.com/museum-planning-projects.html
https://museumplanning.com/museum-planning-projects/,https://museumplanning.com/museum-planning-projects.html
https://museumplanning.com/museum-planning-services,https://museumplanning.com/museum-planning-services.html
https://museumplanning.com/museum-planning-services/,https://museumplanning.com/museum-planning-services.html
https://museumplanning.com/museum-planning-workshop,https://museumplanning.com/museum-planning-services.html
https://museumplanning.com/museum-planning-workshop/,https://museumplanning.com/museum-planning-services.html
https://museumplanning.com/museum-project-management,https://museumplanning.com/museum-planning-services.html
https://museumplanning.com/museum-project-management/,https://museumplanning.com/museum-planning-services.html
https://museumplanning.com/museum-school,https://museumplanning.com/museum-school/index.html
https://museumplanning.com/museum-school/,https://museumplanning.com/museum-school/index.html
https://museumplanning.com/museum-strategic-planning,https://museumplanning.com/museum-strategic-planning.html
https://museumplanning.com/museum-strategic-planning/,https://museumplanning.com/museum-strategic-planning.html
https://museumplanning.com/museum-strategic-planning-consultants,https://museumplanning.com/museum-strategic-planning.html
https://museumplanning.com/museum-strategic-planning-consultants/,https://museumplanning.com/museum-strategic-planning.html
https://museumplanning.com/museum-vitality-index,https://museumplanning.com/museum-vitality-index.html
https://museumplanning.com/museum-vitality-index/,https://museumplanning.com/museum-vitality-index.html
https://museumplanning.com/museums-and-a-metaphysical-crisis,https://museumplanning.com/museum-planning-about.html
https://museumplanning.com/museums-and-a-metaphysical-crisis/,https://museumplanning.com/museum-planning-about.html
https://museumplanning.com/portfolio-item/academy-studios,https://museumplanning.com/projects/academy-studios.html
https://museumplanning.com/portfolio-item/academy-studios/,https://museumplanning.com/projects/academy-studios.html
https://museumplanning.com/portfolio-item/african-american-museum-exhibition-design,https://museumplanning.com/projects/interactive-african-american-museum.html
https://museumplanning.com/portfolio-item/african-american-museum-exhibition-design/,https://museumplanning.com/projects/interactive-african-american-museum.html
https://museumplanning.com/portfolio-item/air-and-space-science-center-exhibition,https://museumplanning.com/museum-planning-projects.html
https://museumplanning.com/portfolio-item/air-and-space-science-center-exhibition/,https://museumplanning.com/museum-planning-projects.html
https://museumplanning.com/portfolio-item/alcatraz-life-on-the-rock,https://museumplanning.com/projects/alcatraz-traveling-exhibition.html
https://museumplanning.com/portfolio-item/alcatraz-life-on-the-rock/,https://museumplanning.com/projects/alcatraz-traveling-exhibition.html
https://museumplanning.com/portfolio-item/cade-steam-music-concept,https://museumplanning.com/projects/cade-museum-steam.html
https://museumplanning.com/portfolio-item/cade-steam-music-concept/,https://museumplanning.com/projects/cade-museum-steam.html
https://museumplanning.com/portfolio-item/childrens-museum-indianapolis,https://museumplanning.com/projects/childrens-museum-indianapolis.html
https://museumplanning.com/portfolio-item/childrens-museum-indianapolis/,https://museumplanning.com/projects/childrens-museum-indianapolis.html
https://museumplanning.com/portfolio-item/childrens-museum-indianapolis-sculpture,https://museumplanning.com/projects/childrens-museum-indianapolis-sculpture.html
https://museumplanning.com/portfolio-item/childrens-museum-indianapolis-sculpture/,https://museumplanning.com/projects/childrens-museum-indianapolis-sculpture.html
https://museumplanning.com/portfolio-item/childrens-museum-of-manhhattan,https://museumplanning.com/projects/childrens-museum-manhattan.html
https://museumplanning.com/portfolio-item/childrens-museum-of-manhhattan/,https://museumplanning.com/projects/childrens-museum-manhattan.html
https://museumplanning.com/portfolio-item/city-of-mcdonough-georgia,https://museumplanning.com/projects/city-of-mcdonough-georgia.html
https://museumplanning.com/portfolio-item/city-of-mcdonough-georgia/,https://museumplanning.com/projects/city-of-mcdonough-georgia.html
https://museumplanning.com/portfolio-item/designing-museum-experiences-book-by-mark-walhimer,https://museumplanning.com/museum-planning-about.html
https://museumplanning.com/portfolio-item/designing-museum-experiences-book-by-mark-walhimer/,https://museumplanning.com/museum-planning-about.html
https://museumplanning.com/portfolio-item/discovery-center-at-murfree-spring,https://museumplanning.com/projects/discovery-center-murfree-spring.html
https://museumplanning.com/portfolio-item/discovery-center-at-murfree-spring/,https://museumplanning.com/projects/discovery-center-murfree-spring.html
https://museumplanning.com/portfolio-item/frehner-museum-southern-utah-university,https://museumplanning.com/projects/frehner-museum-southern-utah-university.html
https://museumplanning.com/portfolio-item/frehner-museum-southern-utah-university/,https://museumplanning.com/projects/frehner-museum-southern-utah-university.html
https://museumplanning.com/portfolio-item/interactive-nature-conservation-museum,https://museumplanning.com/projects/interactive-nature-conservation-museum.html
https://museumplanning.com/portfolio-item/interactive-nature-conservation-museum/,https://museumplanning.com/projects/interactive-nature-conservation-museum.html
https://museumplanning.com/portfolio-item/mide-museo-interactivo-de-economia,https://museumplanning.com/projects/mide-museo-interactivo-de-economia.html
https://museumplanning.com/portfolio-item/mide-museo-interactivo-de-economia/,https://museumplanning.com/projects/mide-museo-interactivo-de-economia.html
https://museumplanning.com/portfolio-item/mobius-science-center,https://museumplanning.com/museum-planning-projects.html
https://museumplanning.com/portfolio-item/mobius-science-center/,https://museumplanning.com/museum-planning-projects.html
https://museumplanning.com/portfolio-item/museo-memoria-y-tolerancia,https://museumplanning.com/projects/museo-memoria-y-tolerancia.html
https://museumplanning.com/portfolio-item/museo-memoria-y-tolerancia/,https://museumplanning.com/projects/museo-memoria-y-tolerancia.html
https://museumplanning.com/portfolio-item/muzeo,https://museumplanning.com/projects/muzeo.html
https://museumplanning.com/portfolio-item/muzeo/,https://museumplanning.com/projects/muzeo.html
https://museumplanning.com/portfolio-item/nature-and-technology-museum,https://museumplanning.com/museum-planning-projects.html
https://museumplanning.com/portfolio-item/nature-and-technology-museum/,https://museumplanning.com/museum-planning-projects.html
https://museumplanning.com/portfolio-item/pge-look-forward-bus,https://museumplanning.com/projects/pge-look-forward-bus.html
https://museumplanning.com/portfolio-item/pge-look-forward-bus/,https://museumplanning.com/projects/pge-look-forward-bus.html
https://museumplanning.com/portfolio-item/pretend-city-childrens-museum-of-orange-county,https://museumplanning.com/projects/pretend-city-childrens-museum.html
https://museumplanning.com/portfolio-item/pretend-city-childrens-museum-of-orange-county/,https://museumplanning.com/projects/pretend-city-childrens-museum.html
https://museumplanning.com/portfolio-item/stem-steam-science-center,https://museumplanning.com/museum-planning-projects.html
https://museumplanning.com/portfolio-item/stem-steam-science-center/,https://museumplanning.com/museum-planning-projects.html
https://museumplanning.com/portfolio-item/the-tech-interactive-museum,https://museumplanning.com/projects/the-tech-interactive.html
https://museumplanning.com/portfolio-item/the-tech-interactive-museum/,https://museumplanning.com/projects/the-tech-interactive.html
https://museumplanning.com/portfolio-item/toyota-mobile-hybrid-experience,https://museumplanning.com/projects/toyota-mobile-hybrid-experience.html
https://museumplanning.com/portfolio-item/toyota-mobile-hybrid-experience/,https://museumplanning.com/projects/toyota-mobile-hybrid-experience.html
https://museumplanning.com/portfolio-item/trans-studio-science-center,https://museumplanning.com/museum-planning-projects.html
https://museumplanning.com/portfolio-item/trans-studio-science-center/,https://museumplanning.com/museum-planning-projects.html
https://museumplanning.com/portfolio-item/university-of-arizona,https://museumplanning.com/projects/arizona-natural-resources-museum.html
https://museumplanning.com/portfolio-item/university-of-arizona/,https://museumplanning.com/projects/arizona-natural-resources-museum.html
https://museumplanning.com/process,https://museumplanning.com/museum-planning-services.html
https://museumplanning.com/process/,https://museumplanning.com/museum-planning-services.html
https://museumplanning.com/projects,https://museumplanning.com/museum-planning-projects.html
https://museumplanning.com/projects/,https://museumplanning.com/museum-planning-projects.html
https://museumplanning.com/projects-2,https://museumplanning.com/museum-planning-projects.html
https://museumplanning.com/projects-2/,https://museumplanning.com/museum-planning-projects.html
https://museumplanning.com/science-center-design,https://museumplanning.com/for-cities-science-center.html
https://museumplanning.com/science-center-design/,https://museumplanning.com/for-cities-science-center.html
https://museumplanning.com/starting-a-childrens-museum,https://museumplanning.com/museum-school/index.html
https://museumplanning.com/starting-a-childrens-museum/,https://museumplanning.com/museum-school/index.html
https://museumplanning.com/starting-a-museum,https://museumplanning.com/museum-school/how-to-start-a-museum.html
https://museumplanning.com/starting-a-museum/,https://museumplanning.com/museum-school/how-to-start-a-museum.html
https://museumplanning.com/starting-a-science-center,https://museumplanning.com/museum-school/index.html
https://museumplanning.com/starting-a-science-center/,https://museumplanning.com/museum-school/index.html
https://museumplanning.com/support,https://museumplanning.com/museum-planning-contact.html
https://museumplanning.com/support/,https://museumplanning.com/museum-planning-contact.html
https://museumplanning.com/work,https://museumplanning.com/museum-planning-projects.html
https://museumplanning.com/work/,https://museumplanning.com/museum-planning-projects.html
https://museumplanning.com/portfolio-item-category/,https://museumplanning.com/museum-planning-projects.html
https://museumplanning.com/portfolio-item-tag/,https://museumplanning.com/museum-planning-projects.html
https://museumplanning.com/category/,https://museumplanning.com
https://museumplanning.com/tag/,https://museumplanning.com
https://museumplanning.com/page/,https://museumplanning.com
https://museumplanning.com/updates/,https://museumplanning.com
