"museumplanning.com/immersive-interactive-museum-transformation","https://museumplanning.com/immersive-museum-planning.html","301"
"museumplanning.com/immersive-interactive-museum-transformation/","https://museumplanning.com/immersive-museum-planning.html","301"
"museumplanning.com/museum-consultants","https://museumplanning.com/museum-planning-services.html","301"
"museumplanning.com/museum-consultants/","https://museumplanning.com/museum-planning-services.html","301"
"museumplanning.com/museum-consulting-and-cultural-planning-museum-planning-llc","https://museumplanning.com/museum-planning-services.html","301"
"museumplanning.com/museum-consulting-and-cultural-planning-museum-planning-llc/","https://museumplanning.com/museum-planning-services.html","301"
"museumplanning.com/museum-feasibility-studies","https://museumplanning.com/museum-feasibility-study.html","301"
"museumplanning.com/museum-feasibility-studies/","https://museumplanning.com/museum-feasibility-study.html","301"
"museumplanning.com/museum-feasibility-study","https://museumplanning.com/museum-feasibility-study.html","301"
"museumplanning.com/museum-feasibility-study/","https://museumplanning.com/museum-feasibility-study.html","301"
"museumplanning.com/museum-master-planning","https://museumplanning.com/museum-master-planning.html","301"
"museumplanning.com/museum-master-planning/","https://museumplanning.com/museum-master-planning.html","301"
"museumplanning.com/museum-strategic-planning","https://museumplanning.com/museum-strategic-planning.html","301"
"museumplanning.com/museum-strategic-planning/","https://museumplanning.com/museum-strategic-planning.html","301"
"museumplanning.com/museum-strategic-planning-consultants","https://museumplanning.com/museum-strategic-planning.html","301"
"museumplanning.com/museum-strategic-planning-consultants/","https://museumplanning.com/museum-strategic-planning.html","301"
