"museumplanning.com/wp-content/uploads/","https://museumplanning.com/content/uploads/","301"
"museumplanning.com/2022-plans","https://museumplanning.com/museum-planning-projects.html","301"
"museumplanning.com/2022-plans/","https://museumplanning.com/museum-planning-projects.html","301"
"museumplanning.com/a-future-vision-for-childrens-museums","https://museumplanning.com/museum-planning-about.html","301"
"museumplanning.com/a-future-vision-for-childrens-museums/","https://museumplanning.com/museum-planning-about.html","301"
"museumplanning.com/about","https://museumplanning.com/museum-planning-about.html","301"
"museumplanning.com/about/","https://museumplanning.com/museum-planning-about.html","301"
"museumplanning.com/about-us","https://museumplanning.com/museum-planning-about.html","301"
"museumplanning.com/about-us/","https://museumplanning.com/museum-planning-about.html","301"
"museumplanning.com/about.html","https://museumplanning.com/museum-planning-about.html","301"
"museumplanning.com/about.html/","https://museumplanning.com/museum-planning-about.html","301"
"museumplanning.com/approach","https://museumplanning.com/museum-planning-services.html","301"
"museumplanning.com/approach/","https://museumplanning.com/museum-planning-services.html","301"
"museumplanning.com/articles","https://museumplanning.com/museum-planning-about.html","301"
"museumplanning.com/articles/","https://museumplanning.com/museum-planning-about.html","301"
"museumplanning.com/articles-3","https://museumplanning.com/museum-planning-about.html","301"
"museumplanning.com/articles-3/","https://museumplanning.com/museum-planning-about.html","301"
"museumplanning.com/author/alvaro","https://museumplanning.com/museum-planning-about.html","301"
"museumplanning.com/author/alvaro/","https://museumplanning.com/museum-planning-about.html","301"
"museumplanning.com/by-michael-vega","https://museumplanning.com/museum-planning-about.html","301"
"museumplanning.com/by-michael-vega/","https://museumplanning.com/museum-planning-about.html","301"
"museumplanning.com/contact","https://museumplanning.com/museum-planning-contact.html","301"
"museumplanning.com/contact/","https://museumplanning.com/museum-planning-contact.html","301"
"museumplanning.com/contact-museum-planning","https://museumplanning.com/museum-planning-contact.html","301"
"museumplanning.com/contact-museum-planning/","https://museumplanning.com/museum-planning-contact.html","301"
"museumplanning.com/contact.html","https://museumplanning.com/museum-planning-contact.html","301"
"museumplanning.com/contact.html/","https://museumplanning.com/museum-planning-contact.html","301"
"museumplanning.com/convergence-era","https://museumplanning.com/convergence-era.html","301"
"museumplanning.com/convergence-era/","https://museumplanning.com/convergence-era.html","301"
"museumplanning.com/designing-museum-experiences-dme-process","https://museumplanning.com/museum-planning-services.html","301"
"museumplanning.com/designing-museum-experiences-dme-process/","https://museumplanning.com/museum-planning-services.html","301"
"museumplanning.com/digital-2","https://museumplanning.com","301"
"museumplanning.com/digital-2/","https://museumplanning.com","301"
"museumplanning.com/for-cities","https://museumplanning.com/for-cities.html","301"
"museumplanning.com/for-cities/","https://museumplanning.com/for-cities.html","301"
"museumplanning.com/for-cities-science-center","https://museumplanning.com/for-cities-science-center.html","301"
"museumplanning.com/for-cities-science-center/","https://museumplanning.com/for-cities-science-center.html","301"
"museumplanning.com/for-universities","https://museumplanning.com/for-universities.html","301"
"museumplanning.com/for-universities/","https://museumplanning.com/for-universities.html","301"
"museumplanning.com/home-2","https://museumplanning.com","301"
"museumplanning.com/home-2/","https://museumplanning.com","301"
"museumplanning.com/immersive-interactive-museum-transformation","https://museumplanning.com/immersive-museum-planning.html","301"
"museumplanning.com/immersive-interactive-museum-transformation/","https://museumplanning.com/immersive-museum-planning.html","301"
"museumplanning.com/interactive-history-museum-design-company","https://museumplanning.com/museum-planning-services.html","301"
"museumplanning.com/interactive-history-museum-design-company/","https://museumplanning.com/museum-planning-services.html","301"
"museumplanning.com/interactive-museum-exhibition-design","https://museumplanning.com/museum-planning-services.html","301"
"museumplanning.com/interactive-museum-exhibition-design/","https://museumplanning.com/museum-planning-services.html","301"
"museumplanning.com/mark-walhimer-resume","https://museumplanning.com/museum-planning-about.html","301"
"museumplanning.com/mark-walhimer-resume/","https://museumplanning.com/museum-planning-about.html","301"
"museumplanning.com/museum-assessment","https://museumplanning.com/museum-planning-services.html","301"
"museumplanning.com/museum-assessment/","https://museumplanning.com/museum-planning-services.html","301"
"museumplanning.com/museum-consultants","https://museumplanning.com/museum-planning-services.html","301"
"museumplanning.com/museum-consultants/","https://museumplanning.com/museum-planning-services.html","301"
"museumplanning.com/museum-consulting-and-cultural-planning-museum-planning-llc","https://museumplanning.com/museum-planning-services.html","301"
"museumplanning.com/museum-consulting-and-cultural-planning-museum-planning-llc/","https://museumplanning.com/museum-planning-services.html","301"
"museumplanning.com/museum-customer-service-training","https://museumplanning.com/museum-planning-services.html","301"
"museumplanning.com/museum-customer-service-training/","https://museumplanning.com/museum-planning-services.html","301"
"museumplanning.com/museum-exhibition-evaluation","https://museumplanning.com/museum-planning-services.html","301"
"museumplanning.com/museum-exhibition-evaluation/","https://museumplanning.com/museum-planning-services.html","301"
"museumplanning.com/museum-exterior-signage","https://museumplanning.com/museum-planning-services.html","301"
"museumplanning.com/museum-exterior-signage/","https://museumplanning.com/museum-planning-services.html","301"
"museumplanning.com/museum-feasibility-studies","https://museumplanning.com/museum-feasibility-study.html","301"
"museumplanning.com/museum-feasibility-studies/","https://museumplanning.com/museum-feasibility-study.html","301"
"museumplanning.com/museum-feasibility-study","https://museumplanning.com/museum-feasibility-study.html","301"
"museumplanning.com/museum-feasibility-study/","https://museumplanning.com/museum-feasibility-study.html","301"
"museumplanning.com/museum-master-planning","https://museumplanning.com/museum-master-planning.html","301"
"museumplanning.com/museum-master-planning/","https://museumplanning.com/museum-master-planning.html","301"
"museumplanning.com/museum-owners-representative","https://museumplanning.com/museum-planning-services.html","301"
"museumplanning.com/museum-owners-representative/","https://museumplanning.com/museum-planning-services.html","301"
"museumplanning.com/museum-planning-about","https://museumplanning.com/museum-planning-about.html","301"
"museumplanning.com/museum-planning-about/","https://museumplanning.com/museum-planning-about.html","301"
"museumplanning.com/museum-planning-contact","https://museumplanning.com/museum-planning-contact.html","301"
"museumplanning.com/museum-planning-contact/","https://museumplanning.com/museum-planning-contact.html","301"
"museumplanning.com/museum-planning-llc","https://museumplanning.com","301"
"museumplanning.com/museum-planning-llc/","https://museumplanning.com","301"
"museumplanning.com/museum-planning-llc-process","https://museumplanning.com/museum-planning-services.html","301"
"museumplanning.com/museum-planning-llc-process/","https://museumplanning.com/museum-planning-services.html","301"
"museumplanning.com/museum-planning-privacy","https://museumplanning.com/museum-planning-privacy.html","301"
"museumplanning.com/museum-planning-privacy/","https://museumplanning.com/museum-planning-privacy.html","301"
"museumplanning.com/museum-planning-projects","https://museumplanning.com/museum-planning-projects.html","301"
"museumplanning.com/museum-planning-projects/","https://museumplanning.com/museum-planning-projects.html","301"
"museumplanning.com/museum-planning-services","https://museumplanning.com/museum-planning-services.html","301"
"museumplanning.com/museum-planning-services/","https://museumplanning.com/museum-planning-services.html","301"
"museumplanning.com/museum-planning-workshop","https://museumplanning.com/museum-planning-services.html","301"
"museumplanning.com/museum-planning-workshop/","https://museumplanning.com/museum-planning-services.html","301"
"museumplanning.com/museum-project-management","https://museumplanning.com/museum-planning-services.html","301"
"museumplanning.com/museum-project-management/","https://museumplanning.com/museum-planning-services.html","301"
"museumplanning.com/museum-school","https://museumplanning.com/museum-school/index.html","301"
"museumplanning.com/museum-school/","https://museumplanning.com/museum-school/index.html","301"
"museumplanning.com/museum-strategic-planning","https://museumplanning.com/museum-strategic-planning.html","301"
"museumplanning.com/museum-strategic-planning/","https://museumplanning.com/museum-strategic-planning.html","301"
"museumplanning.com/museum-strategic-planning-consultants","https://museumplanning.com/museum-strategic-planning.html","301"
"museumplanning.com/museum-strategic-planning-consultants/","https://museumplanning.com/museum-strategic-planning.html","301"
"museumplanning.com/museum-vitality-index","https://museumplanning.com/museum-vitality-index.html","301"
"museumplanning.com/museum-vitality-index/","https://museumplanning.com/museum-vitality-index.html","301"
"museumplanning.com/museums-and-a-metaphysical-crisis","https://museumplanning.com/museum-planning-about.html","301"
"museumplanning.com/museums-and-a-metaphysical-crisis/","https://museumplanning.com/museum-planning-about.html","301"
"museumplanning.com/portfolio-item/academy-studios","https://museumplanning.com/projects/academy-studios.html","301"
"museumplanning.com/portfolio-item/academy-studios/","https://museumplanning.com/projects/academy-studios.html","301"
"museumplanning.com/portfolio-item/african-american-museum-exhibition-design","https://museumplanning.com/projects/interactive-african-american-museum.html","301"
"museumplanning.com/portfolio-item/african-american-museum-exhibition-design/","https://museumplanning.com/projects/interactive-african-american-museum.html","301"
"museumplanning.com/portfolio-item/air-and-space-science-center-exhibition","https://museumplanning.com/museum-planning-projects.html","301"
"museumplanning.com/portfolio-item/air-and-space-science-center-exhibition/","https://museumplanning.com/museum-planning-projects.html","301"
"museumplanning.com/portfolio-item/alcatraz-life-on-the-rock","https://museumplanning.com/projects/alcatraz-traveling-exhibition.html","301"
"museumplanning.com/portfolio-item/alcatraz-life-on-the-rock/","https://museumplanning.com/projects/alcatraz-traveling-exhibition.html","301"
"museumplanning.com/portfolio-item/cade-steam-music-concept","https://museumplanning.com/projects/cade-museum-steam.html","301"
"museumplanning.com/portfolio-item/cade-steam-music-concept/","https://museumplanning.com/projects/cade-museum-steam.html","301"
"museumplanning.com/portfolio-item/childrens-museum-indianapolis","https://museumplanning.com/projects/childrens-museum-indianapolis.html","301"
"museumplanning.com/portfolio-item/childrens-museum-indianapolis/","https://museumplanning.com/projects/childrens-museum-indianapolis.html","301"
"museumplanning.com/portfolio-item/childrens-museum-indianapolis-sculpture","https://museumplanning.com/projects/childrens-museum-indianapolis-sculpture.html","301"
"museumplanning.com/portfolio-item/childrens-museum-indianapolis-sculpture/","https://museumplanning.com/projects/childrens-museum-indianapolis-sculpture.html","301"
"museumplanning.com/portfolio-item/childrens-museum-of-manhhattan","https://museumplanning.com/projects/childrens-museum-manhattan.html","301"
"museumplanning.com/portfolio-item/childrens-museum-of-manhhattan/","https://museumplanning.com/projects/childrens-museum-manhattan.html","301"
"museumplanning.com/portfolio-item/city-of-mcdonough-georgia","https://museumplanning.com/projects/city-of-mcdonough-georgia.html","301"
"museumplanning.com/portfolio-item/city-of-mcdonough-georgia/","https://museumplanning.com/projects/city-of-mcdonough-georgia.html","301"
"museumplanning.com/portfolio-item/designing-museum-experiences-book-by-mark-walhimer","https://museumplanning.com/museum-planning-about.html","301"
"museumplanning.com/portfolio-item/designing-museum-experiences-book-by-mark-walhimer/","https://museumplanning.com/museum-planning-about.html","301"
"museumplanning.com/portfolio-item/discovery-center-at-murfree-spring","https://museumplanning.com/projects/discovery-center-murfree-spring.html","301"
"museumplanning.com/portfolio-item/discovery-center-at-murfree-spring/","https://museumplanning.com/projects/discovery-center-murfree-spring.html","301"
"museumplanning.com/portfolio-item/frehner-museum-southern-utah-university","https://museumplanning.com/projects/frehner-museum-southern-utah-university.html","301"
"museumplanning.com/portfolio-item/frehner-museum-southern-utah-university/","https://museumplanning.com/projects/frehner-museum-southern-utah-university.html","301"
"museumplanning.com/portfolio-item/interactive-nature-conservation-museum","https://museumplanning.com/projects/interactive-nature-conservation-museum.html","301"
"museumplanning.com/portfolio-item/interactive-nature-conservation-museum/","https://museumplanning.com/projects/interactive-nature-conservation-museum.html","301"
"museumplanning.com/portfolio-item/mide-museo-interactivo-de-economia","https://museumplanning.com/projects/mide-museo-interactivo-de-economia.html","301"
"museumplanning.com/portfolio-item/mide-museo-interactivo-de-economia/","https://museumplanning.com/projects/mide-museo-interactivo-de-economia.html","301"
"museumplanning.com/portfolio-item/mobius-science-center","https://museumplanning.com/museum-planning-projects.html","301"
"museumplanning.com/portfolio-item/mobius-science-center/","https://museumplanning.com/museum-planning-projects.html","301"
"museumplanning.com/portfolio-item/museo-memoria-y-tolerancia","https://museumplanning.com/projects/museo-memoria-y-tolerancia.html","301"
"museumplanning.com/portfolio-item/museo-memoria-y-tolerancia/","https://museumplanning.com/projects/museo-memoria-y-tolerancia.html","301"
"museumplanning.com/portfolio-item/muzeo","https://museumplanning.com/projects/muzeo.html","301"
"museumplanning.com/portfolio-item/muzeo/","https://museumplanning.com/projects/muzeo.html","301"
"museumplanning.com/portfolio-item/nature-and-technology-museum","https://museumplanning.com/museum-planning-projects.html","301"
"museumplanning.com/portfolio-item/nature-and-technology-museum/","https://museumplanning.com/museum-planning-projects.html","301"
"museumplanning.com/portfolio-item/pge-look-forward-bus","https://museumplanning.com/projects/pge-look-forward-bus.html","301"
"museumplanning.com/portfolio-item/pge-look-forward-bus/","https://museumplanning.com/projects/pge-look-forward-bus.html","301"
"museumplanning.com/portfolio-item/pretend-city-childrens-museum-of-orange-county","https://museumplanning.com/projects/pretend-city-childrens-museum.html","301"
"museumplanning.com/portfolio-item/pretend-city-childrens-museum-of-orange-county/","https://museumplanning.com/projects/pretend-city-childrens-museum.html","301"
"museumplanning.com/portfolio-item/stem-steam-science-center","https://museumplanning.com/museum-planning-projects.html","301"
"museumplanning.com/portfolio-item/stem-steam-science-center/","https://museumplanning.com/museum-planning-projects.html","301"
"museumplanning.com/portfolio-item/the-tech-interactive-museum","https://museumplanning.com/projects/the-tech-interactive.html","301"
"museumplanning.com/portfolio-item/the-tech-interactive-museum/","https://museumplanning.com/projects/the-tech-interactive.html","301"
"museumplanning.com/portfolio-item/toyota-mobile-hybrid-experience","https://museumplanning.com/projects/toyota-mobile-hybrid-experience.html","301"
"museumplanning.com/portfolio-item/toyota-mobile-hybrid-experience/","https://museumplanning.com/projects/toyota-mobile-hybrid-experience.html","301"
"museumplanning.com/portfolio-item/trans-studio-science-center","https://museumplanning.com/museum-planning-projects.html","301"
"museumplanning.com/portfolio-item/trans-studio-science-center/","https://museumplanning.com/museum-planning-projects.html","301"
"museumplanning.com/portfolio-item/university-of-arizona","https://museumplanning.com/projects/arizona-natural-resources-museum.html","301"
"museumplanning.com/portfolio-item/university-of-arizona/","https://museumplanning.com/projects/arizona-natural-resources-museum.html","301"
"museumplanning.com/process","https://museumplanning.com/museum-planning-services.html","301"
"museumplanning.com/process/","https://museumplanning.com/museum-planning-services.html","301"
"museumplanning.com/projects","https://museumplanning.com/museum-planning-projects.html","301"
"museumplanning.com/projects/","https://museumplanning.com/museum-planning-projects.html","301"
"museumplanning.com/projects-2","https://museumplanning.com/museum-planning-projects.html","301"
"museumplanning.com/projects-2/","https://museumplanning.com/museum-planning-projects.html","301"
"museumplanning.com/science-center-design","https://museumplanning.com/for-cities-science-center.html","301"
"museumplanning.com/science-center-design/","https://museumplanning.com/for-cities-science-center.html","301"
"museumplanning.com/starting-a-childrens-museum","https://museumplanning.com/museum-school/how-to-start-a-childrens-museum.html","301"
"museumplanning.com/starting-a-childrens-museum/","https://museumplanning.com/museum-school/how-to-start-a-childrens-museum.html","301"
"museumplanning.com/starting-a-museum","https://museumplanning.com/museum-school/how-to-start-a-museum.html","301"
"museumplanning.com/starting-a-museum/","https://museumplanning.com/museum-school/how-to-start-a-museum.html","301"
"museumplanning.com/starting-a-science-center","https://museumplanning.com/museum-school/index.html","301"
"museumplanning.com/starting-a-science-center/","https://museumplanning.com/museum-school/index.html","301"
"museumplanning.com/support","https://museumplanning.com/museum-planning-contact.html","301"
"museumplanning.com/support/","https://museumplanning.com/museum-planning-contact.html","301"
"museumplanning.com/work","https://museumplanning.com/museum-planning-projects.html","301"
"museumplanning.com/work/","https://museumplanning.com/museum-planning-projects.html","301"
"museumplanning.com/portfolio-item-category/","https://museumplanning.com/museum-planning-projects.html","301"
"museumplanning.com/portfolio-item-category/*","https://museumplanning.com/museum-planning-projects.html","301"
"museumplanning.com/portfolio-item-tag/","https://museumplanning.com/museum-planning-projects.html","301"
"museumplanning.com/portfolio-item-tag/*","https://museumplanning.com/museum-planning-projects.html","301"
"museumplanning.com/author/","https://museumplanning.com/museum-planning-about.html","301"
"museumplanning.com/author/*","https://museumplanning.com/museum-planning-about.html","301"
"museumplanning.com/category/","https://museumplanning.com","301"
"museumplanning.com/category/*","https://museumplanning.com","301"
"museumplanning.com/tag/","https://museumplanning.com","301"
"museumplanning.com/tag/*","https://museumplanning.com","301"
"museumplanning.com/page/","https://museumplanning.com","301"
"museumplanning.com/page/*","https://museumplanning.com","301"
"museumplanning.com/updates/","https://museumplanning.com","301"
"museumplanning.com/updates/*","https://museumplanning.com","301"
