"museumplanner.org/","https://museumplanning.com/museum-school/index.html","301"
"museumplanner.org/museum-exhibition-design-2/","https://museumplanning.com/museum-school/museum-exhibition-design/","301"
"museumplanner.org/museum-exhibition-design-part-i/","https://museumplanning.com/museum-school/museum-exhibition-design/exhibition-design-part-i.html","301"
"museumplanner.org/museum-exhibition-design-part-ii/","https://museumplanning.com/museum-school/museum-exhibition-design/exhibition-design-part-ii.html","301"
"museumplanner.org/museum-exhibition-design-part-iii/","https://museumplanning.com/museum-school/museum-exhibition-design/exhibition-design-part-iii.html","301"
"museumplanner.org/museum-exhibition-design-part-4/","https://museumplanning.com/museum-school/museum-exhibition-design/exhibition-design-part-iv.html","301"
"museumplanner.org/museum-exhibition-design-v/","https://museumplanning.com/museum-school/museum-exhibition-design/exhibition-design-part-v.html","301"
"museumplanner.org/frequently-asked-museum-questions/","https://museumplanning.com/museum-school/museum-exhibition-design/","301"
"museumplanner.org/starting-a-museum/","https://museumplanning.com/museum-school/how-to-start-a-museum.html","301"
"museumplanner.org/*","https://museumplanning.com/museum-school/index.html","301"
"www.museumplanner.org/","https://museumplanning.com/museum-school/index.html","301"
"www.museumplanner.org/museum-exhibition-design-2/","https://museumplanning.com/museum-school/museum-exhibition-design/","301"
"www.museumplanner.org/museum-exhibition-design-part-i/","https://museumplanning.com/museum-school/museum-exhibition-design/exhibition-design-part-i.html","301"
"www.museumplanner.org/museum-exhibition-design-part-ii/","https://museumplanning.com/museum-school/museum-exhibition-design/exhibition-design-part-ii.html","301"
"www.museumplanner.org/museum-exhibition-design-part-iii/","https://museumplanning.com/museum-school/museum-exhibition-design/exhibition-design-part-iii.html","301"
"www.museumplanner.org/museum-exhibition-design-part-4/","https://museumplanning.com/museum-school/museum-exhibition-design/exhibition-design-part-iv.html","301"
"www.museumplanner.org/museum-exhibition-design-v/","https://museumplanning.com/museum-school/museum-exhibition-design/exhibition-design-part-v.html","301"
"www.museumplanner.org/frequently-asked-museum-questions/","https://museumplanning.com/museum-school/museum-exhibition-design/","301"
"www.museumplanner.org/starting-a-museum/","https://museumplanning.com/museum-school/how-to-start-a-museum.html","301"
"www.museumplanner.org/*","https://museumplanning.com/museum-school/index.html","301"
